mean,std
1.5616117715835571,2.029221296310425
