mean,std
1.5654171705245972,2.0594372749328613
