mean,std
1.6635650396347046,2.2434680461883545
