mean,std
1.5639681816101074,2.044978618621826
