mean,std
"[[250.9916534423828, 251.81619262695312, 250.6834259033203]]","[[8.822077751159668, 9.250341415405273, 9.045694351196289]]"
