mean,std
1.546886920928955,2.0364205837249756
