mean,std
"[[250.39402770996094, 251.20594787597656, 250.08819580078125]]","[[8.530150413513184, 8.936420440673828, 8.734478950500488]]"
