mean,std
1.5616432428359985,2.0484352111816406
